<?xml version="1.0" encoding="UTF-8" standalone="no"?>
<Context docBase="/home/rotciv/Downloads/VoNgocThang_Tuan09/src/main/webapp">
  <Resources cacheMaxSize="10240">
    <PreResources base="/home/rotciv/Downloads/VoNgocThang_Tuan09/target/classes" className="org.apache.catalina.webresources.DirResourceSet" webAppMount="/WEB-INF/classes"/>
    <PostResources base="/home/rotciv/.m2/repository/org/springframework/spring-core/6.1.10/spring-core-6.1.10.jar" className="org.apache.catalina.webresources.FileResourceSet" webAppMount="/WEB-INF/lib/spring-core-6.1.10.jar"/>
    <PostResources base="/home/rotciv/.m2/repository/org/springframework/spring-jcl/6.1.10/spring-jcl-6.1.10.jar" className="org.apache.catalina.webresources.FileResourceSet" webAppMount="/WEB-INF/lib/spring-jcl-6.1.10.jar"/>
    <PostResources base="/home/rotciv/.m2/repository/org/springframework/spring-beans/6.1.10/spring-beans-6.1.10.jar" className="org.apache.catalina.webresources.FileResourceSet" webAppMount="/WEB-INF/lib/spring-beans-6.1.10.jar"/>
    <PostResources base="/home/rotciv/.m2/repository/org/springframework/spring-webmvc/6.1.10/spring-webmvc-6.1.10.jar" className="org.apache.catalina.webresources.FileResourceSet" webAppMount="/WEB-INF/lib/spring-webmvc-6.1.10.jar"/>
    <PostResources base="/home/rotciv/.m2/repository/org/springframework/spring-aop/6.1.10/spring-aop-6.1.10.jar" className="org.apache.catalina.webresources.FileResourceSet" webAppMount="/WEB-INF/lib/spring-aop-6.1.10.jar"/>
    <PostResources base="/home/rotciv/.m2/repository/org/springframework/spring-expression/6.1.10/spring-expression-6.1.10.jar" className="org.apache.catalina.webresources.FileResourceSet" webAppMount="/WEB-INF/lib/spring-expression-6.1.10.jar"/>
    <PostResources base="/home/rotciv/.m2/repository/org/springframework/spring-web/6.1.10/spring-web-6.1.10.jar" className="org.apache.catalina.webresources.FileResourceSet" webAppMount="/WEB-INF/lib/spring-web-6.1.10.jar"/>
    <PostResources base="/home/rotciv/.m2/repository/org/springframework/spring-context/6.1.10/spring-context-6.1.10.jar" className="org.apache.catalina.webresources.FileResourceSet" webAppMount="/WEB-INF/lib/spring-context-6.1.10.jar"/>
    <PostResources base="/home/rotciv/.m2/repository/io/micrometer/micrometer-observation/1.12.7/micrometer-observation-1.12.7.jar" className="org.apache.catalina.webresources.FileResourceSet" webAppMount="/WEB-INF/lib/micrometer-observation-1.12.7.jar"/>
    <PostResources base="/home/rotciv/.m2/repository/io/micrometer/micrometer-commons/1.12.7/micrometer-commons-1.12.7.jar" className="org.apache.catalina.webresources.FileResourceSet" webAppMount="/WEB-INF/lib/micrometer-commons-1.12.7.jar"/>
    <PostResources base="/home/rotciv/.m2/repository/org/apache/tomcat/embed/tomcat-embed-jasper/11.0.0-M20/tomcat-embed-jasper-11.0.0-M20.jar" className="org.apache.catalina.webresources.FileResourceSet" webAppMount="/WEB-INF/lib/tomcat-embed-jasper-11.0.0-M20.jar"/>
    <PostResources base="/home/rotciv/.m2/repository/org/apache/tomcat/embed/tomcat-embed-core/11.0.0-M20/tomcat-embed-core-11.0.0-M20.jar" className="org.apache.catalina.webresources.FileResourceSet" webAppMount="/WEB-INF/lib/tomcat-embed-core-11.0.0-M20.jar"/>
    <PostResources base="/home/rotciv/.m2/repository/org/apache/tomcat/tomcat-annotations-api/11.0.0-M20/tomcat-annotations-api-11.0.0-M20.jar" className="org.apache.catalina.webresources.FileResourceSet" webAppMount="/WEB-INF/lib/tomcat-annotations-api-11.0.0-M20.jar"/>
    <PostResources base="/home/rotciv/.m2/repository/org/apache/tomcat/embed/tomcat-embed-el/11.0.0-M20/tomcat-embed-el-11.0.0-M20.jar" className="org.apache.catalina.webresources.FileResourceSet" webAppMount="/WEB-INF/lib/tomcat-embed-el-11.0.0-M20.jar"/>
    <PostResources base="/home/rotciv/.m2/repository/org/eclipse/jdt/ecj/3.34.0/ecj-3.34.0.jar" className="org.apache.catalina.webresources.FileResourceSet" webAppMount="/WEB-INF/lib/ecj-3.34.0.jar"/>
    <PostResources base="/home/rotciv/.m2/repository/jakarta/servlet/jsp/jstl/jakarta.servlet.jsp.jstl-api/3.0.0/jakarta.servlet.jsp.jstl-api-3.0.0.jar" className="org.apache.catalina.webresources.FileResourceSet" webAppMount="/WEB-INF/lib/jakarta.servlet.jsp.jstl-api-3.0.0.jar"/>
    <PostResources base="/home/rotciv/.m2/repository/jakarta/el/jakarta.el-api/5.0.0/jakarta.el-api-5.0.0.jar" className="org.apache.catalina.webresources.FileResourceSet" webAppMount="/WEB-INF/lib/jakarta.el-api-5.0.0.jar"/>
  </Resources>
</Context>
